{
  "system": "Linux",
  "version": "1.4.0",
  "lite": false,
  "py_version": "3.11",
  "py_version_micro": "3.11.13",
  "packages": {
    "tinycss2": "1.4.0",
    "pytorch-lightning": "2.5.5",
    "pandas": "2.3.3",
    "executing": "2.2.1",
    "statsforecast": "2.0.1",
    "plotly": "6.3.0",
    "torchvision": "0.22.1",
    "nvidia-curand-cu12": "10.3.7.77",
    "wcwidth": "0.2.14",
    "llvmlite": "0.45.1",
    "charset-normalizer": "3.4.3",
    "async-lru": "2.0.5",
    "lightning": "2.5.5",
    "scipy": "1.16.2",
    "jinja2": "3.1.6",
    "python-multipart": "0.0.20",
    "mpmath": "1.3.0",
    "tenacity": "9.1.2",
    "s3transfer": "0.14.0",
    "statsmodels": "0.14.5",
    "backrefs": "5.9",
    "mako": "1.3.10",
    "ipykernel": "6.30.1",
    "confection": "0.1.5",
    "fs": "2.4.16",
    "nvidia-ml-py3": "7.352.0",
    "colorlog": "6.9.0",
    "cffi": "2.0.0",
    "sympy": "1.14.0",
    "decorator": "5.2.1",
    "bs4": "0.0.2",
    "pathspec": "0.12.1",
    "pyyaml": "6.0.3",
    "pluggy": "1.6.0",
    "python-docx": "1.2.0",
    "jsonpointer": "3.0.0",
    "iniconfig": "2.1.0",
    "typing_extensions": "4.15.0",
    "virtualenv": "20.34.0",
    "fqdn": "1.5.1",
    "websocket-client": "1.8.0",
    "antlr4-python3-runtime": "4.9.3",
    "pydantic_core": "2.33.2",
    "fasttransform": "0.0.2",
    "soupsieve": "2.8",
    "webencodings": "0.5.1",
    "defusedxml": "0.7.1",
    "loguru": "0.7.3",
    "ordered-set": "4.1.0",
    "jupyter-events": "0.12.0",
    "nvidia-cuda-cupti-cu12": "12.6.80",
    "ipython_pygments_lexers": "1.1.1",
    "jupyter_client": "8.6.3",
    "aiohappyeyeballs": "2.6.1",
    "pyparsing": "3.2.5",
    "prometheus_client": "0.23.1",
    "onnx": "1.19.0",
    "jupyter_server": "2.17.0",
    "uri-template": "1.3.0",
    "toml": "0.10.2",
    "ipython": "9.6.0",
    "blinker": "1.9.0",
    "scikit-image": "0.25.2",
    "imageio": "2.37.0",
    "google-auth": "2.41.1",
    "ipywidgets": "8.1.7",
    "datasets": "4.0.0",
    "nvidia-cublas-cu12": "12.6.4.1",
    "openpyxl": "3.1.5",
    "mkdocs-get-deps": "0.2.0",
    "lazy_loader": "0.4",
    "griffe": "1.14.0",
    "pytesseract": "0.3.13",
    "murmurhash": "1.0.13",
    "py4j": "0.10.9.9",
    "bleach": "6.2.0",
    "tabulate": "0.9.0",
    "future": "1.0.0",
    "text-unidecode": "1.3",
    "torch": "2.7.1",
    "contourpy": "1.3.3",
    "isort": "6.1.0",
    "prompt_toolkit": "3.0.52",
    "rich": "14.1.0",
    "triad": "0.9.8",
    "pexpect": "4.9.0",
    "autogluon.multimodal": "1.4.0",
    "colorama": "0.4.6",
    "comm": "0.2.3",
    "networkx": "3.5",
    "nvidia-nccl-cu12": "2.26.2",
    "lightning-utilities": "0.15.2",
    "nvidia-nvjitlink-cu12": "12.6.85",
    "autogluon.timeseries": "1.4.0",
    "jupyterlab_pygments": "0.3.0",
    "debugpy": "1.8.17",
    "pytorch-metric-learning": "2.8.1",
    "nvidia-cuda-runtime-cu12": "12.6.77",
    "pyphen": "0.17.2",
    "overrides": "7.7.0",
    "grpcio": "1.75.1",
    "gdown": "5.2.0",
    "python-dotenv": "1.1.1",
    "huggingface-hub": "0.35.3",
    "fugue": "0.9.1",
    "frozenlist": "1.7.0",
    "pytz": "2025.2",
    "hyperopt": "0.2.7",
    "alembic": "1.16.5",
    "pygments": "2.19.2",
    "six": "1.17.0",
    "einx": "0.3.0",
    "opendatalab": "0.0.10",
    "googleapis-common-protos": "1.70.0",
    "jsonschema-specifications": "2025.9.1",
    "threadpoolctl": "3.6.0",
    "psutil": "7.0.0",
    "regex": "2025.9.18",
    "widgetsnbextension": "4.0.14",
    "mkdocs-material": "9.6.21",
    "distlib": "0.4.0",
    "seqeval": "1.2.2",
    "triton": "3.3.1",
    "watchdog": "6.0.0",
    "fsspec": "2025.3.0",
    "proto-plus": "1.26.1",
    "lxml": "6.0.2",
    "httpcore": "1.0.9",
    "jupyter-lsp": "2.3.0",
    "azure-core": "1.35.1",
    "plum-dispatch": "2.5.7",
    "ml_dtypes": "0.5.3",
    "shellingham": "1.5.4",
    "streamlit": "1.50.0",
    "tzdata": "2025.2",
    "starlette": "0.48.0",
    "botocore": "1.40.43",
    "pycparser": "2.23",
    "aiohttp": "3.12.15",
    "autogluon.features": "1.4.0",
    "certifi": "2025.8.3",
    "pyzmq": "27.1.0",
    "beautifulsoup4": "4.14.2",
    "srsly": "2.5.1",
    "typing-inspection": "0.4.2",
    "mlforecast": "0.14.0",
    "yarl": "1.20.1",
    "jsonschema": "4.23.0",
    "peft": "0.17.1",
    "jupyter_server_terminals": "0.5.3",
    "werkzeug": "3.1.3",
    "nvidia-nvtx-cu12": "12.6.77",
    "mistune": "3.1.4",
    "openxlab": "0.0.11",
    "markdown": "3.9",
    "mkdocstrings-python": "1.18.2",
    "model-index": "0.1.11",
    "adagio": "0.2.6",
    "mkdocs-autorefs": "1.4.3",
    "python-json-logger": "3.3.0",
    "evaluate": "0.4.6",
    "nest-asyncio": "1.6.0",
    "spacy-loggers": "1.0.5",
    "argon2-cffi-bindings": "25.1.0",
    "pydeck": "0.9.1",
    "coreforecast": "0.0.16",
    "tifffile": "2025.9.30",
    "jupyterlab": "4.4.9",
    "aiosignal": "1.4.0",
    "azure-ai-inference": "1.0.0b9",
    "altair": "5.5.0",
    "nvidia-cusolver-cu12": "11.7.1.2",
    "urllib3": "2.5.0",
    "pyarrow": "17.0.0",
    "utilsforecast": "0.2.11",
    "nvidia-cusparse-cu12": "12.5.4.2",
    "isodate": "0.7.2",
    "py-spy": "0.4.1",
    "nlpaug": "1.1.11",
    "notebook": "7.4.7",
    "mypy_extensions": "1.1.0",
    "smmap": "5.0.2",
    "traitlets": "5.14.3",
    "autogluon.common": "1.4.0",
    "frozendict": "2.4.6",
    "textblob": "0.19.0",
    "jupyterlab_server": "2.27.3",
    "click": "8.3.0",
    "jiter": "0.11.0",
    "pycryptodome": "3.23.0",
    "fastapi": "0.118.0",
    "cloudpathlib": "0.22.0",
    "isoduration": "20.11.0",
    "h11": "0.16.0",
    "google-api-core": "2.25.1",
    "dill": "0.3.8",
    "typer": "0.19.2",
    "cycler": "0.12.1",
    "tornado": "6.5.2",
    "autogluon.core": "1.4.0",
    "absl-py": "2.3.1",
    "tensorboard": "2.20.0",
    "pymdown-extensions": "10.16.1",
    "propcache": "0.3.2",
    "opencensus": "0.11.4",
    "preshed": "3.0.10",
    "parso": "0.8.5",
    "gluonts": "0.16.2",
    "pysocks": "1.7.1",
    "mkdocs": "1.6.1",
    "autogluon": "1.4.0",
    "pip": "25.2",
    "setuptools": "80.9.0",
    "arrow": "1.3.0",
    "nbclient": "0.10.2",
    "uvicorn": "0.37.0",
    "greenlet": "3.2.4",
    "pytest-asyncio": "1.2.0",
    "ghp-import": "2.1.0",
    "aiohttp-cors": "0.8.1",
    "wrapt": "1.17.3",
    "langcodes": "3.5.0",
    "gitpython": "3.1.45",
    "black": "25.9.0",
    "fonttools": "4.60.1",
    "multidict": "6.6.4",
    "beartype": "0.21.0",
    "weasel": "0.4.1",
    "markupsafe": "3.0.3",
    "types-python-dateutil": "2.9.0.20250822",
    "nltk": "3.9.2",
    "narwhals": "2.6.0",
    "pyasn1": "0.6.1",
    "fastai": "2.8.4",
    "packaging": "25.0",
    "nvidia-cufile-cu12": "1.11.1.6",
    "mdurl": "0.1.2",
    "xxhash": "3.5.0",
    "msgpack": "1.1.1",
    "rfc3339-validator": "0.1.4",
    "pandocfilters": "1.5.1",
    "notebook_shim": "0.2.4",
    "toolz": "0.12.1",
    "rfc3986-validator": "0.1.1",
    "platformdirs": "4.4.0",
    "terminado": "0.18.1",
    "pyyaml_env_tag": "1.1",
    "tqdm": "4.67.1",
    "sentencepiece": "0.2.1",
    "anyio": "4.11.0",
    "mkdocstrings": "0.30.1",
    "paginate": "0.5.7",
    "protobuf": "6.32.1",
    "babel": "2.17.0",
    "fastcore": "1.8.12",
    "catalogue": "2.0.10",
    "jupyter_core": "5.8.1",
    "patsy": "1.0.1",
    "mkdocs-material-extensions": "1.3.1",
    "fastdownload": "0.0.7",
    "jmespath": "1.0.1",
    "annotated-types": "0.7.0",
    "argon2-cffi": "25.1.0",
    "openai": "2.2.0",
    "pillow": "11.3.0",
    "multiprocess": "0.70.16",
    "nbformat": "5.10.4",
    "python-dateutil": "2.9.0.post0",
    "asttokens": "3.0.0",
    "distro": "1.9.0",
    "stack-data": "0.6.3",
    "sniffio": "1.3.1",
    "idna": "3.10",
    "appdirs": "1.4.4",
    "joblib": "1.5.2",
    "kiwisolver": "1.4.9",
    "spacy": "3.8.7",
    "nvidia-cudnn-cu12": "9.5.1.17",
    "tensorboardx": "2.6.4",
    "accelerate": "1.10.1",
    "ray": "2.44.1",
    "tokenizers": "0.21.4",
    "numba": "0.62.1",
    "autogluon.tabular": "1.4.0",
    "torchmetrics": "1.7.4",
    "ruff": "0.13.2",
    "boto3": "1.40.43",
    "opencensus-context": "0.1.3",
    "colorful": "0.5.7",
    "webcolors": "24.11.1",
    "filelock": "3.19.1",
    "requests": "2.32.5",
    "xgboost": "3.0.5",
    "smart_open": "7.3.1",
    "transformers": "4.49.0",
    "optuna": "4.5.0",
    "openmim": "0.3.9",
    "hf-xet": "1.1.10",
    "scikit-learn": "1.7.2",
    "pure_eval": "0.2.3",
    "matplotlib-inline": "0.1.7",
    "send2trash": "1.8.3",
    "thinc": "8.3.6",
    "omegaconf": "2.3.0",
    "pytest": "8.4.2",
    "fastjsonschema": "2.21.2",
    "safetensors": "0.6.2",
    "graphviz": "0.21",
    "itsdangerous": "2.2.0",
    "jupyterlab_widgets": "3.0.15",
    "lightgbm": "4.6.0",
    "nvidia-cusparselt-cu12": "0.6.3",
    "timm": "1.0.3",
    "cachetools": "6.2.0",
    "rsa": "4.9.1",
    "gitdb": "4.0.12",
    "catboost": "1.2.8",
    "nvidia-cufft-cu12": "11.3.0.4",
    "flask": "3.1.2",
    "httpx": "0.28.1",
    "language_data": "1.3.0",
    "textstat": "0.7.10",
    "pdf2image": "1.17.0",
    "orjson": "3.11.3",
    "nbconvert": "7.16.6",
    "nvidia-cuda-nvrtc-cu12": "12.6.77",
    "jupyter-console": "6.6.3",
    "referencing": "0.36.2",
    "wasabi": "1.1.3",
    "attrs": "25.3.0",
    "et_xmlfile": "2.0.0",
    "window_ops": "0.0.15",
    "tensorboard-data-server": "0.7.2",
    "pydantic": "2.11.9",
    "pyasn1_modules": "0.4.2",
    "blis": "1.3.0",
    "sqlalchemy": "2.0.43",
    "marisa-trie": "1.3.1",
    "ollama": "0.6.0",
    "cloudpickle": "3.1.1",
    "matplotlib": "3.10.6",
    "json5": "0.12.1",
    "ptyprocess": "0.7.0",
    "fastprogress": "1.0.3",
    "jedi": "0.19.2",
    "cymem": "2.0.11",
    "mergedeep": "1.3.4",
    "pytokens": "0.1.10",
    "spacy-legacy": "3.0.12",
    "numpy": "2.1.3",
    "jupyter": "1.1.1",
    "markdown-it-py": "4.0.0",
    "rpds-py": "0.27.1"
  }
}